Commit on Sun Jul  6 09:49:12 UTC 2025
Commit on Mon Jul  7 03:26:28 UTC 2025
Commit on Tue Jul  8 03:21:19 UTC 2025
Commit on Wed Jul  9 03:24:00 UTC 2025
Commit on Thu Jul 10 03:23:50 UTC 2025
Commit on Fri Jul 11 03:38:27 UTC 2025
Commit on Sat Jul 12 03:26:46 UTC 2025
Commit on Sun Jul 13 03:41:38 UTC 2025
Commit on Mon Jul 14 03:42:35 UTC 2025
Commit on Tue Jul 15 03:39:59 UTC 2025
Commit on Wed Jul 16 03:37:49 UTC 2025
Commit on Thu Jul 17 03:37:39 UTC 2025
Commit on Fri Jul 18 03:39:53 UTC 2025
Commit on Sat Jul 19 03:24:31 UTC 2025
Commit on Sun Jul 20 03:47:09 UTC 2025
Commit on Mon Jul 21 03:45:51 UTC 2025
Commit on Tue Jul 22 03:39:29 UTC 2025
Commit on Wed Jul 23 03:41:04 UTC 2025
Commit on Thu Jul 24 03:39:31 UTC 2025
Commit on Fri Jul 25 03:39:53 UTC 2025
Commit on Sat Jul 26 03:36:22 UTC 2025
Commit on Sun Jul 27 03:48:21 UTC 2025
Commit on Mon Jul 28 03:47:15 UTC 2025
Commit on Tue Jul 29 03:50:10 UTC 2025
Commit on Tue Jul 29 14:51:56 UTC 2025
Commit on Wed Jul 30 03:44:47 UTC 2025
Commit on Thu Jul 31 03:43:27 UTC 2025
Commit on Fri Aug  1 03:56:55 UTC 2025
Commit on Sat Aug  2 03:35:22 UTC 2025
Commit on Sun Aug  3 03:52:05 UTC 2025
Commit on Mon Aug  4 03:57:24 UTC 2025
Commit on Tue Aug  5 03:48:55 UTC 2025
Commit on Wed Aug  6 03:46:02 UTC 2025
Commit on Thu Aug  7 03:46:07 UTC 2025
Commit on Fri Aug  8 03:45:42 UTC 2025
Commit on Sat Aug  9 03:21:56 UTC 2025
Commit on Sun Aug 10 03:45:07 UTC 2025
Commit on Mon Aug 11 03:45:10 UTC 2025
Commit on Tue Aug 12 03:19:10 UTC 2025
Commit on Wed Aug 13 03:22:07 UTC 2025
Commit on Thu Aug 14 03:22:17 UTC 2025
Commit on Fri Aug 15 03:23:22 UTC 2025
Commit on Sat Aug 16 03:16:29 UTC 2025
Commit on Sun Aug 17 03:35:16 UTC 2025
Commit on Mon Aug 18 03:40:42 UTC 2025
Commit on Tue Aug 19 03:12:19 UTC 2025
Commit on Wed Aug 20 03:10:16 UTC 2025
Commit on Thu Aug 21 03:09:08 UTC 2025
Commit on Fri Aug 22 03:09:57 UTC 2025
Commit on Sat Aug 23 03:04:06 UTC 2025
Commit on Sun Aug 24 03:20:52 UTC 2025
Commit on Mon Aug 25 03:17:12 UTC 2025
Commit on Tue Aug 26 03:11:08 UTC 2025
Commit on Wed Aug 27 03:03:45 UTC 2025
Commit on Thu Aug 28 03:03:45 UTC 2025
Commit on Fri Aug 29 03:03:34 UTC 2025
Commit on Sat Aug 30 02:57:40 UTC 2025
Commit on Sun Aug 31 03:08:20 UTC 2025
Commit on Mon Sep  1 03:22:56 UTC 2025
Commit on Tue Sep  2 03:07:48 UTC 2025
Commit on Wed Sep  3 02:56:17 UTC 2025
Commit on Thu Sep  4 02:56:57 UTC 2025
Commit on Fri Sep  5 02:59:55 UTC 2025
Commit on Sat Sep  6 02:55:14 UTC 2025
Commit on Sun Sep  7 03:04:07 UTC 2025
Commit on Mon Sep  8 03:08:02 UTC 2025
Commit on Tue Sep  9 03:02:36 UTC 2025
Commit on Wed Sep 10 02:56:44 UTC 2025
Commit on Thu Sep 11 03:01:13 UTC 2025
Commit on Fri Sep 12 02:56:14 UTC 2025
Commit on Sat Sep 13 02:49:24 UTC 2025
Commit on Sun Sep 14 03:03:34 UTC 2025
Commit on Mon Sep 15 03:09:12 UTC 2025
Commit on Tue Sep 16 02:57:23 UTC 2025
Commit on Wed Sep 17 02:56:46 UTC 2025
Commit on Thu Sep 18 02:58:21 UTC 2025
Commit on Fri Sep 19 03:02:07 UTC 2025
Commit on Sat Sep 20 02:55:24 UTC 2025
Commit on Sun Sep 21 03:09:02 UTC 2025
Commit on Mon Sep 22 03:09:03 UTC 2025
Commit on Tue Sep 23 02:59:12 UTC 2025
Commit on Wed Sep 24 03:00:41 UTC 2025
Commit on Thu Sep 25 03:03:01 UTC 2025
Commit on Fri Sep 26 03:01:42 UTC 2025
Commit on Sat Sep 27 02:55:41 UTC 2025
Commit on Sun Sep 28 03:10:00 UTC 2025
Commit on Mon Sep 29 03:05:46 UTC 2025
Commit on Tue Sep 30 02:59:23 UTC 2025
Commit on Wed Oct  1 03:13:08 UTC 2025
Commit on Thu Oct  2 02:58:30 UTC 2025
Commit on Fri Oct  3 02:58:01 UTC 2025
Commit on Sat Oct  4 02:52:29 UTC 2025
Commit on Sun Oct  5 03:08:57 UTC 2025
Commit on Mon Oct  6 03:03:39 UTC 2025
Commit on Tue Oct  7 02:59:10 UTC 2025
Commit on Wed Oct  8 02:59:09 UTC 2025
Commit on Thu Oct  9 03:01:36 UTC 2025
Commit on Fri Oct 10 03:02:04 UTC 2025
Commit on Sat Oct 11 02:54:45 UTC 2025
Commit on Sun Oct 12 03:03:51 UTC 2025
Commit on Mon Oct 13 03:11:48 UTC 2025
Commit on Tue Oct 14 03:02:20 UTC 2025
Commit on Wed Oct 15 03:06:18 UTC 2025
Commit on Thu Oct 16 03:04:48 UTC 2025
Commit on Fri Oct 17 03:03:07 UTC 2025
Commit on Sat Oct 18 02:56:26 UTC 2025
Commit on Sun Oct 19 03:18:06 UTC 2025
Commit on Mon Oct 20 03:17:39 UTC 2025
Commit on Tue Oct 21 03:07:15 UTC 2025
Commit on Wed Oct 22 03:13:16 UTC 2025
Commit on Thu Oct 23 03:05:08 UTC 2025
Commit on Fri Oct 24 03:01:51 UTC 2025
Commit on Sat Oct 25 03:04:11 UTC 2025
Commit on Sun Oct 26 03:12:15 UTC 2025
Commit on Mon Oct 27 03:22:22 UTC 2025
Commit on Tue Oct 28 03:09:20 UTC 2025
Commit on Wed Oct 29 03:17:42 UTC 2025
Commit on Thu Oct 30 03:13:23 UTC 2025
Commit on Fri Oct 31 03:13:02 UTC 2025
Commit on Sat Nov  1 03:13:35 UTC 2025
Commit on Sun Nov  2 03:17:37 UTC 2025
Commit on Mon Nov  3 03:19:44 UTC 2025
Commit on Tue Nov  4 03:12:09 UTC 2025
Commit on Wed Nov  5 03:13:40 UTC 2025
Commit on Thu Nov  6 03:16:23 UTC 2025
Commit on Fri Nov  7 03:12:45 UTC 2025
Commit on Sat Nov  8 03:04:37 UTC 2025
Commit on Sun Nov  9 03:15:36 UTC 2025
Commit on Mon Nov 10 03:21:44 UTC 2025
Commit on Tue Nov 11 03:16:04 UTC 2025
Commit on Wed Nov 12 03:14:24 UTC 2025
Commit on Thu Nov 13 03:17:09 UTC 2025
Commit on Fri Nov 14 03:15:31 UTC 2025
Commit on Sat Nov 15 03:09:31 UTC 2025
Commit on Sun Nov 16 03:20:48 UTC 2025
Commit on Mon Nov 17 03:18:38 UTC 2025
Commit on Tue Nov 18 03:14:41 UTC 2025
Commit on Wed Nov 19 03:14:05 UTC 2025
Commit on Thu Nov 20 03:12:07 UTC 2025
Commit on Fri Nov 21 03:12:55 UTC 2025
Commit on Sat Nov 22 03:06:56 UTC 2025
Commit on Sun Nov 23 03:37:52 UTC 2025
Commit on Mon Nov 24 03:26:35 UTC 2025
Commit on Tue Nov 25 03:17:12 UTC 2025
Commit on Wed Nov 26 03:17:11 UTC 2025
Commit on Thu Nov 27 03:14:03 UTC 2025
Commit on Fri Nov 28 03:13:55 UTC 2025
Commit on Sat Nov 29 03:13:47 UTC 2025
Commit on Sun Nov 30 03:38:02 UTC 2025
Commit on Mon Dec  1 03:53:09 UTC 2025
Commit on Tue Dec  2 03:21:07 UTC 2025
Commit on Wed Dec  3 03:19:54 UTC 2025
Commit on Thu Dec  4 03:22:01 UTC 2025
Commit on Fri Dec  5 03:21:31 UTC 2025
Commit on Sat Dec  6 03:12:12 UTC 2025
Commit on Sun Dec  7 03:38:00 UTC 2025
Commit on Mon Dec  8 03:24:30 UTC 2025
Commit on Tue Dec  9 03:21:15 UTC 2025
Commit on Wed Dec 10 03:25:18 UTC 2025
Commit on Thu Dec 11 03:27:08 UTC 2025
Commit on Fri Dec 12 03:25:52 UTC 2025
Commit on Sat Dec 13 03:18:37 UTC 2025
Commit on Sun Dec 14 03:40:14 UTC 2025
Commit on Mon Dec 15 03:44:12 UTC 2025
Commit on Tue Dec 16 03:27:19 UTC 2025
Commit on Wed Dec 17 03:22:51 UTC 2025
Commit on Thu Dec 18 03:23:33 UTC 2025
Commit on Fri Dec 19 03:26:29 UTC 2025
Commit on Sat Dec 20 03:17:38 UTC 2025
Commit on Sun Dec 21 03:40:53 UTC 2025
Commit on Mon Dec 22 03:45:04 UTC 2025
Commit on Tue Dec 23 03:38:14 UTC 2025
Commit on Wed Dec 24 03:26:47 UTC 2025
Commit on Thu Dec 25 03:38:38 UTC 2025
Commit on Fri Dec 26 03:27:16 UTC 2025
Commit on Sat Dec 27 03:25:38 UTC 2025
Commit on Sun Dec 28 03:49:45 UTC 2025
Commit on Mon Dec 29 03:51:21 UTC 2025
Commit on Tue Dec 30 03:39:51 UTC 2025
Commit on Wed Dec 31 03:39:14 UTC 2025
Commit on Thu Jan  1 03:52:33 UTC 2026
Commit on Fri Jan  2 03:42:39 UTC 2026
Commit on Sat Jan  3 03:24:56 UTC 2026
Commit on Sun Jan  4 03:53:01 UTC 2026
Commit on Mon Jan  5 03:57:44 UTC 2026
